site_id,unit,type,commercial_operation,capacity_mw
arkansas-nuclear-one,1,PWR,1974-12,834
arkansas-nuclear-one,2,PWR,1980-03,987
beaver-valley,1,PWR,1976-10,907
beaver-valley,2,PWR,1987-11,901
braidwood,1,PWR,1988-07,1183
braidwood,2,PWR,1988-10,1149
browns-ferry,1,BWR,1974-12,1227
browns-ferry,2,BWR,1975-03,1208
browns-ferry,3,BWR,1977-03,1227
brunswick,1,BWR,1977-03,938
brunswick,2,BWR,1975-11,932
byron,1,PWR,1985-09,1164
byron,2,PWR,1987-08,1136
callaway,1,PWR,1984-12,1190
calvert-cliffs,1,PWR,1975-05,884
calvert-cliffs,2,PWR,1977-04,861
catawba,1,PWR,1985-06,1160
catawba,2,PWR,1986-08,1150
clinton,1,BWR,1987-11,1079
columbia,2,BWR,1984-12,1151
comanche-peak,1,PWR,1990-08,1205
comanche-peak,2,PWR,1993-08,1195
cooper,1,BWR,1974-07,769
davis-besse,1,PWR,1978-07,894
diablo-canyon,1,PWR,1985-05,1122
diablo-canyon,2,PWR,1986-03,1118
donald-c-cook,1,PWR,1975-08,1009
donald-c-cook,2,PWR,1978-07,1168
dresden,2,BWR,1970-06,902
dresden,3,BWR,1971-11,895
farley,1,PWR,1977-12,895
farley,2,PWR,1981-07,896
fermi,2,BWR,1988-01,1141
fitzpatrick,1,BWR,1975-07,853
grand-gulf,1,BWR,1985-07,1390
h-b-robinson,2,PWR,1971-03,759
hatch,1,BWR,1975-12,876
hatch,2,BWR,1979-09,883
hope-creek,1,BWR,1986-12,1172
lasalle,1,BWR,1984-01,1131
lasalle,2,BWR,1984-10,1134
limerick,1,BWR,1986-02,1120
limerick,2,BWR,1990-01,1122
mcguire,1,PWR,1981-12,1158
mcguire,2,PWR,1984-03,1158
millstone,2,PWR,1975-12,861
millstone,3,PWR,1986-04,1243
monticello,1,BWR,1971-06,617
nine-mile-point,1,BWR,1969-12,621
nine-mile-point,2,BWR,1988-03,1275
north-anna,1,PWR,1978-06,948
north-anna,2,PWR,1980-12,944
oconee,1,PWR,1973-07,847
oconee,2,PWR,1974-09,848
oconee,3,PWR,1974-12,859
palo-verde,1,PWR,1986-01,1311
palo-verde,2,PWR,1986-09,1314
palo-verde,3,PWR,1988-01,1312
peach-bottom,2,BWR,1974-07,1265
peach-bottom,3,BWR,1974-12,1285
perry,1,BWR,1987-11,1240
point-beach,1,PWR,1970-12,589
point-beach,2,PWR,1972-10,596
prairie-island,1,PWR,1973-12,521
prairie-island,2,PWR,1974-12,519
quad-cities,1,BWR,1973-02,908
quad-cities,2,BWR,1973-03,911
r-e-ginna,1,PWR,1970-07,582
river-bend,1,BWR,1986-06,976
salem,1,PWR,1977-06,1146
salem,2,PWR,1981-10,1139
seabrook,1,PWR,1990-08,1250
sequoyah,1,PWR,1981-07,1152
sequoyah,2,PWR,1982-06,1126
shearon-harris,1,PWR,1987-05,964
south-texas-project,1,PWR,1988-08,1300
south-texas-project,2,PWR,1989-06,1280
st-lucie,1,PWR,1976-12,981
st-lucie,2,PWR,1983-08,987
surry,1,PWR,1972-12,838
surry,2,PWR,1973-05,838
susquehanna,1,BWR,1983-06,1247
susquehanna,2,BWR,1985-02,1247
turkey-point,3,PWR,1972-12,837
turkey-point,4,PWR,1973-09,861
v-c-summer,1,PWR,1984-01,977
vogtle,1,PWR,1987-06,1150
vogtle,2,PWR,1989-05,1152
vogtle,3,PWR,2023-07,1114
vogtle,4,PWR,2024-04,1114
waterford,3,PWR,1985-09,1076
watts-bar,1,PWR,1996-05,1123
watts-bar,2,PWR,2016-10,1122
wolf-creek,1,PWR,1985-09,1177
